<?xml version="1.0" encoding="UTF-8"?>
<project-private xmlns="http://www.netbeans.org/ns/project-private/1">
    <editor-bookmarks xmlns="http://www.netbeans.org/ns/editor-bookmarks/2" lastBookmarkId="0"/>
    <open-files xmlns="http://www.netbeans.org/ns/projectui-open-files/2">
        <group>
            <file>file:/D:/xampp/htdocs/mahalaxmi_mdl/mdldesign/theme/design/lang/en/theme_design.php</file>
            <file>file:/D:/xampp/htdocs/mahalaxmi_mdl/mdldesign/theme/design/lib.php</file>
            <file>file:/D:/xampp/htdocs/mahalaxmi_mdl/mdldesign/theme/design/layout/front.php</file>
            <file>file:/D:/xampp/htdocs/mahalaxmi_mdl/mdldesign/theme/design/settings.php</file>
        </group>
    </open-files>
</project-private>
